Sentence ID,Prediction
10102950001,7
10102950002,1
10102950003,13
10102950004,13
10102950005,6
10102950006,8
10102950007,4
10102950008,4
10102950009,6
10102950010,6
10102950011,7
10102950012,14
10102950013,7
10102950014,4
10102950015,8
10102950016,13
10102950017,13
10102950018,11
10102950019,8
10102950021,8
10102950022,10
10102950023,8
10102950024,4
10102950025,14
10102950026,6
10102950028,12
10102950029,8
10102950030,10
10102950031,12
10102950032,9
10102950033,12
10102950034,9
10102950035,10
10102950036,12
10102950037,11
10102950038,7
10102950039,1
10102950040,9
10102950041,4
10102950042,5
10102950043,6
10102960001,5
10102960002,11
10102960003,9
10102960004,5
10102960005,7
10102960006,10
10102960007,12
10102960008,9
10102960009,10
10102960010,13
10102960011,10
10102960012,8
10102960013,10
10102960014,12
10102970001,5
10102970002,3
10102970003,12
10102970004,7
10102970005,10
10102970006,10
10102970007,12
10102970008,8
10102970009,8
10102970010,9
10102970011,10
10102970012,4
10102970013,10
10102970014,7
10102970015,7
10102970016,5
10102970017,10
10102970018,7
10102970020,10
10102970021,10
10102970022,8
10102970023,8
10102970024,8
10102970025,9
10102970026,8
10102970027,8
10102970028,8
10102970029,8
10102970030,1
10102970031,8
10102970032,13
10102970033,8
10102970034,5
10102970035,5
10102970036,8
10102970037,4
10102970038,5
10102970039,4
10102970040,8
10102970041,8
10102970042,8
10102970043,10
10102970044,4
10102980001,7
10102980002,12
10102980003,10
10102980004,12
10102980005,14
10102980006,12
10102980007,12
10102980008,12
10102980009,12
10102980010,11
10102980011,12
10102980012,12
10102980013,14
10102980014,14
10102980015,12
10102980016,14
10102980017,14
10102990001,1
10102990002,12
10102990003,12
10102990004,7
10102990005,4
10102990006,11
10102990007,6
10102990008,5
10102990009,6
10102990010,8
10102990011,10
10102990012,6
10102990013,7
10102990014,10
10102990015,11
10102990016,10
10102990017,10
10102990018,7
10102990019,10
10102990020,9
10102990021,14
10102990022,10
10102990023,8
10102990024,8
10102990025,10
10102990026,6
10102990027,8
10102990028,12
10102990029,8
10102990030,14
10102990031,8
10102990032,8
10102990033,10
10102990034,9
10102990035,12
10102990036,12
10103000001,7
10103000002,12
10103000003,12
10103000004,8
10103000005,7
10103000006,14
10103000007,12
10103000008,12
10103000009,8
10103000010,12
10103000011,14
10103000012,12
10103000013,14
10103000014,11
10103000015,12
10103000016,12
10103000017,7
10103000018,14
10103000019,14
10103000020,7
10103000021,7
10103000022,2
10103000023,7
10103000024,2
10103000025,12
10103000026,11
10103000027,2
10103000028,3
10103000029,12
10103000030,14
10103000031,14
10103010001,15
10103010002,14
10103010003,12
10103010004,7
10103010005,10
10103010006,11
10103010007,10
10103010008,7
10103010009,6
10103010010,12
10103010011,12
10103010012,3
10103010013,8
10103010014,12
10103010015,10
10103010016,10
10103010017,8
10103010018,10
10103010019,10
10103010020,10
10103010021,10
10103010022,10
10103010023,14
10103010024,7
10103010025,8
10103010026,9
10103010027,10
10103010028,14
10103010029,7
10103010031,12
10103010032,10
10103020001,7
10103020002,12
10103020003,7
10103020004,7
10103020005,10
10103020006,8
10103020007,10
10103020008,7
10103020009,10
10103020010,8
10103020011,10
10103020012,8
10103020013,8
10103020014,7
10103020015,1
10103020016,8
10103020017,9
10103020018,8
10103020019,5
10103020020,9
10103020021,4
10103020022,2
10103020023,11
10103020024,6
10103030001,7
10103030002,7
10103030003,3
10103030004,8
10103030005,10
10103030006,8
10103030007,10
10103030008,12
10103030009,10
10103030010,9
10103030012,9
10103030013,10
10103030014,8
10103030015,5
10103030016,8
10103030017,9
10103030018,8
10103030019,10
10103030020,8
10103030021,5
10103030022,10
10103030023,7
10103030024,12
10103030025,8
10103030026,8
10103030027,5
10103030028,13
10103030029,2
10103030030,7
10103030031,7
10103030032,8
10103030033,10
10103030034,13
10103030035,9
10103030036,5
10103030037,7
10103040001,7
10103040002,7
10103040003,5
10103040004,7
10103040005,12
10103040006,13
10103040007,12
10103040008,12
10103040009,12
10103040010,12
10103040011,12
10103040012,12
10103040013,12
10103040014,6
10103050001,3
10103050002,12
10103050003,7
10103050004,10
10103050005,9
10103050006,10
10103050007,10
10103050008,4
10103050009,7
10103050010,1
10103050011,4
10103050012,10
10103050013,4
10103050014,10
10103050015,8
10103050016,2
10103050017,8
10103050018,13
10103050019,4
10103050020,9
10103050021,5
10103050022,14
10103050023,10
10103050024,6
10103050025,10
10103050026,8
10103050027,13
10103050028,8
10103050029,8
10103050030,5
10103050031,7
10103050032,10
10103050033,5
10103050034,10
10103050035,1
10103050036,6
10103050037,4
10103050038,8
10103050039,10
10103050040,8
10103050041,7
10103050042,10
10103050043,7
10103050044,2
10103050045,7
10103050046,8
10103050047,8
10103050048,9
10103050049,8
10103050050,7
10103050051,10
10103050052,7
10103050053,8
10103050054,13
10103050055,10
10103050056,5
10103050057,7
10103050058,10
10103050059,7
10103050060,8
10103050061,7
10103050062,8
10103050063,8
10103050064,8
10103050065,10
10103050066,8
10103050067,7
10103050068,8
10103050069,10
10103050070,8
10103050071,10
10103050072,7
10103050073,7
10103050074,10
10103050075,10
10103050076,8
10103050077,8
10103050078,10
10103050079,10
10103050080,6
10103050081,12
10103050082,11
10103050083,9
10103050084,8
10103050085,5
10103050086,9
10103050087,8
10103050088,8
10103060001,7
10103060002,10
10103060003,10
10103060004,7
10103060005,11
10103060006,12
10103060007,11
10103060008,8
10103060009,12
10103060010,12
10103060011,13
10103060012,11
10103060013,10
10103060014,8
10103060015,13
10103060016,12
10103070001,3
10103070002,12
10103070003,7
10103070004,12
10103070005,3
10103070006,13
10103070007,5
10103070008,10
10103070010,12
10103070011,5
10103070012,8
10103070014,1
10103070015,10
10103070016,10
10103070017,10
10103070018,5
10103070019,5
10103070020,6
10103070021,10
10103070022,9
10103070023,10
10103070024,5
10103070025,12
10103070026,8
10103070027,4
10103070028,8
10103070029,10
10103070030,7
10103070031,9
10103070032,5
10103070033,7
10103070034,7
10103070035,8
10103070036,8
10103070037,9
10103070038,10
10103070039,8
10103070040,9
10103070041,8
10103070042,12
10103080001,3
10103080002,7
10103080003,7
10103080004,3
10103080005,5
10103080006,8
10103080007,7
10103080008,8
10103080009,5
10103080010,7
10103080012,8
10103080013,5
10103080014,10
10103080015,10
10103080016,8
10103080017,8
10103080018,8
10103080019,8
10103090001,3
10103090002,12
10103090003,7
10103090004,7
10103090005,10
10103090007,7
10103090008,7
10103090009,5
10103090010,11
10103090011,13
10103090012,3
10103090013,10
10103090014,10
10103090015,7
10103090016,7
10103090017,8
10103090018,8
10103090019,7
10103100001,11
10103100002,7
10103100003,12
10103100004,5
10103100005,5
10103100006,9
10103100007,3
10103100008,10
10103100009,7
10103100010,8
10103100011,6
10103100012,10
10103100013,6
10103100014,10
10103100015,9
10103100016,13
10103100017,10
10103100018,5
10103100019,7
10103100020,4
10103100021,9
10103100022,9
10103100023,5
10103100024,8
10103100025,9
10103100026,3
10103100027,12
10103100028,4
10103100029,5
10103100030,9
10103100031,9
10103100032,9
10103100033,2
10103100034,5
10103100035,10
10103100036,10
10103100037,5
10103100038,6
10103100039,10
10103100040,8
10103100041,3
10103110001,14
10103110002,3
10103110003,7
10103110004,7
10103110005,12
10103110006,6
10103110007,6
10103110008,9
10103110009,12
10103110010,8
10103110011,9
10103110012,9
10103110013,8
10103110014,8
10103110015,10
10103110016,10
10103110017,5
10103110018,8
10103110019,7
10103110020,10
10103110021,7
10103110022,9
10103110023,9
10103110024,6
10103110025,16
10103110026,6
10103110027,8
10103110028,8
10103110029,10
10103110030,5
10103110031,7
10103110032,10
10103110033,7
10103110034,7
10103110035,12
10103110036,3
10103110037,12
10103110038,10
10103110039,10
10103110040,10
10103110041,10
10103110042,5
10103110043,10
10103110044,9
10103110045,12
10103110046,10
10103110047,8
10103110048,9
10103110049,10
10103110050,6
10103110051,10
10103110052,5
10103110053,7
10103110054,10
10103110055,7
10103110056,8
10103110057,8
10103110058,10
10103120001,12
10103120002,3
10103120003,7
10103120004,10
10103120005,4
10103120006,5
10103120007,3
10103120008,7
10103120009,7
10103120010,2
10103120011,5
10103120012,9
10103120013,10
10103120014,8
10103120015,7
10103120016,7
10103120017,10
10103120018,11
10103130001,3
10103130002,12
10103130003,12
10103130004,7
10103130005,10
10103130006,9
10103130007,8
10103130008,12
10103130009,7
10103130010,9
10103130011,8
10103130012,10
10103130013,8
10103130014,6
10103130015,7
10103130016,8
10103130017,10
10103130018,8
10103130019,7
10103130021,8
10103130022,6
10103130023,5
10103130024,10
10103130025,5
10103130026,11
10103130027,14
10103130028,7
10103140002,8
10103140003,7
10103140004,10
10103140005,5
10103140006,12
10103140007,8
10103140008,10
10103140009,10
10103140010,11
10103140011,2
10103140012,10
10103140013,3
10103140014,12
10103140015,12
10103140016,5
10103140017,3
10103140018,7
10103140019,7
10103140020,7
10103140021,3
10103140022,7
10103140023,7
10103140024,13
10103140025,13
10103140026,3
10103140027,7
10103140028,10
10103140029,11
10103140030,11
10103140031,10
10103140032,10
10103150001,5
10103150002,7
10103150003,7
10103150004,3
10103150005,11
10103150006,8
10103150007,8
10103150008,7
10103150009,5
10103150010,8
10103150011,10
10103150012,6
10103150013,8
10103150014,5
10103150015,2
10103150016,10
10103150017,7
10103150018,5
10103150019,4
10103150020,4
10103150021,8
10103150022,7
10103150023,9
10103150024,9
10103150025,7
10103150026,8
10103150027,9
10103150028,8
10103150029,8
10103150030,9
10103150031,7
10103150032,10
10103150033,7
10103150034,10
10103150035,10
10103150036,3
10103150037,10
10103150038,7
10103150039,5
10103150040,9
10103150041,9
10103150042,8
10103160001,7
10103160002,7
10103160003,3
10103160004,14
10103160005,14
10103160006,7
10103160008,7
10103160009,12
10103160010,12
10103160011,3
10103160012,2
10103160013,7
10103160014,10
10103160015,7
10103160016,12
10103160017,5
10103160018,3
10103160019,3
10103160020,5
10103160021,12
10103160022,12
10103160023,7
10103160024,14
10103160025,7
10103160026,6
10103160027,6
10103160028,13
10103160029,13
10103160030,13
10103160031,13
10103160032,3
10103160033,7
10103160034,7
10103160035,10
10103160036,10
10103160037,10
10103160038,3
10103160039,7
10103160040,7
10103160041,7
10103160042,6
10103160043,10
10103160044,2
10103160045,3
10103160046,7
10103160047,8
10103160048,5
10103160049,7
10103160050,2
10103160051,3
10103160052,7
10103160053,8
10103160054,2
10103160055,3
10103160056,5
10103160058,3
10103160059,7
10103160060,10
10103160061,10
10103160062,3
10103160063,3
10103160064,6
10103160065,6
10103160066,10
10103160067,12
10103160068,12
10103160069,13
10103160070,7
10103160071,7
10103160072,9
10103160073,8
10103160074,11
10103160075,7
10103160076,2
10103160077,7
10103160078,7
10103160079,5
10103160080,7
10103160081,12
10103160082,7
10103160083,3
10103160084,3
10103160085,10
10103160086,12
10103160087,5
10103160088,10
10103160089,3
10103160090,5
10103160091,12
10103160092,4
10103160093,12
10103160094,7
10103160095,7
10103160096,10
10103160097,5
10103160098,10
10103160099,3
10103160100,2
10103160101,10
10103160102,5
10103160103,5
10103160104,3
10103160105,7
10103160106,11
10103160107,8
10103160108,2
10103160109,12
10103160110,3
10103160111,3
10103160112,11
10103160113,9
10103160114,12
10103160115,10
10103160116,9
10103160118,14
10103160119,12
10103160120,12
10103160121,7
10103160122,7
10103160123,12
10103160124,8
10103160125,13
10103160126,5
10103160127,7
10103160128,11
10103160129,3
10103160130,11
10103160131,8
10103160132,6
10103160133,7
10103160134,12
10103160135,7
10103160136,7
10103160137,12
10103160138,7
10103160139,7
10103160141,5
10103160142,5
10103160143,11
10103160144,7
10103160145,5
10103160146,7
10103160147,7
10103160148,6
10103160149,12
10103160150,6
10103160151,8
10103170002,6
10103170003,9
10103170004,12
10103170005,7
10103170006,1
10103170007,1
10103170008,9
10103170009,10
10103170010,8
10103170011,8
10103170012,8
10103170013,5
10103170015,10
10103170016,10
10103170017,5
10103170018,7
10103170019,7
10103170020,10
10103180001,5
10103180002,5
10103180003,10
10103180004,10
10103180005,8
10103180006,7
10103180007,7
10103180008,10
10103180009,5
10103180010,10
10103180011,6
10103180012,9
10103180014,8
10103180015,8
10103180016,7
10103180017,7
10103180018,8
10103180019,9
10103180020,10
10103180021,9
10103180022,12
10103180023,4
10103180024,8
10103180025,7
10103180026,10
10103180027,6
10103180028,7
10103180029,2
10103180030,7
10103180031,7
10103180032,7
10103180033,9
10200240001,10
10200240003,15
10200240004,14
10200240005,10
10200240006,13
10200240007,14
10200240008,12
10200240009,14
10200240010,14
10200240011,14
10200240012,14
10200240013,15
10200240014,14
10200240015,15
10200240017,14
10200240019,14
10200250001,11
10200250002,10
10200250003,14
10200250004,12
10200250005,14
10200250006,14
10200250007,14
10200250008,12
10200250009,10
10200250010,13
10200250011,15
10200250012,14
10200250013,14
10200250014,15
10200250016,12
10200250017,12
10200250018,14
10200250019,14
10200250020,14
10200260001,10
10200260002,14
10200260003,14
10200260004,12
10200260005,10
10200260006,14
10200260007,12
10200260008,14
10200260009,12
10200260010,10
10200260011,12
10200260012,14
10200260013,13
10200260014,10
10200260015,10
10200260016,12
10200260017,10
10200260018,14
10200260019,11
10200260020,10
10200270001,14
10200270002,11
10200270003,14
10200270004,15
10200270006,14
10200270007,12
10200270008,14
10200270009,14
10200270010,14
10200270011,14
10200270012,14
10200270013,14
10200270016,12
10200270017,14
10200270018,14
10200270019,14
10200270021,14
10200270022,14
10200270023,14
10300160001,5
10300160002,12
10300160003,10
10300160004,12
10300160005,10
10300160006,12
10300160007,4
10300160008,8
10300160009,4
10300160010,12
10300160011,12
10300160012,12
10300160013,12
10300160014,8
10300160015,8
10300160016,8
10300160017,10
10300160018,12
10300160019,10
10300160020,10
10300160021,10
10300160022,12
10300160023,11
10300160024,11
10300160025,9
10300160026,9
10300160027,10
10300160028,13
10300160029,11
10300160030,10
10300160031,13
10300160032,12
10300160033,13
10300160034,13
10300160035,12
10300160036,10
10300160037,13
10300160038,11
10300160039,13
10300160040,13
10300160041,9
10300160042,4
10300160043,13
10300160044,13
10300160045,13
10300160046,12
10300160047,13
10300160048,13
10300160049,10
10300250001,3
10300250002,3
10300250003,11
10300250004,12
10300250006,8
10300250008,7
10300250009,10
10300250010,3
10300250012,8
10300250013,12
10300250014,12
10300250015,3
10300250016,14
10300250017,12
10300250018,14
10300250019,12
10300250020,12
10300250021,11
10300250022,12
10300250023,14
10300250024,14
10300250025,12
10300250026,10
10300250027,11
10300250028,14
10300250029,12
10300250030,11
10300250031,12
10300250032,12
10300250033,14
10300250034,12
10300250035,12
10300250036,12
10300480001,2
10300480002,7
10300480003,7
10300480004,11
10300480005,13
10300480006,10
10300480007,10
10300480008,8
10300480009,12
10300480010,12
10300480011,10
10300480012,13
10300480013,10
10300480014,12
10300480015,10
10300480016,11
10300480017,10
10300480018,14
10300480019,7
10300480020,12
10300480021,7
10300480022,10
10300480023,12
10300480024,12
10300480025,11
10300480026,10
10300480027,10
10300480028,7
10300480029,10
10300480030,10
10300480031,10
10300480032,7
10300480033,10
10300480034,11
10300480035,6
10300480036,8
10300480037,10
10300480038,13
10300480039,12
10300480040,13
10300480041,10
10300480042,10
10300480043,10
10300480044,13
10300480045,8
10300480046,7
10300480047,8
10300480048,8
10300480049,10
10400020001,5
10400020002,5
10400020003,5
10400020004,5
10400020005,1
10400020006,5
10400020007,5
10400020008,5
10400020009,3
10400020010,5
10400020011,3
10400020012,7
10400020013,11
10400020014,8
10400020015,8
10400020016,9
10400020017,12
10400020018,8
10400020019,10
10400020020,11
10400020021,12
10400020022,14
10400020023,11
10400020024,11
10400020025,10
10400020026,10
10400020027,11
10400020028,12
10400020029,7
10400020030,11
10400020031,5
10400020032,7
10400020033,10
10400020034,10
10400020035,12
10400020036,10
10400020037,9
10400020038,5
10400020039,7
10400020040,5
10400020041,8
10400020042,10
10400020043,12
10400020044,10
10400020045,7
10400020046,5
10400020047,7
10400020048,7
10400020049,5
10400020050,5
10400020051,7
10400020052,10
10400020053,4
10400020054,5
10400020055,1
10400020056,7
10400020057,12
10400020058,10
10400020059,5
10400020060,5
10400020061,5
10400020062,5
10400020063,5
10400020064,9
10400020065,4
10400020066,5
10400020067,7
10400020068,12
10400020069,8
10400020070,10
10400020071,10
10400020072,11
10400020073,1
10400020074,1
10400020075,2
10400020076,5
10400020077,5
10400020078,7
10400020079,8
10400020080,7
10400020081,5
10400020082,5
10400020083,5
10400020084,7
10400020085,10
10400020086,8
10400020087,7
10400020088,3
10400020089,7
10400020090,2
10400020091,10
10400020092,7
10400020093,7
10400020094,3
10400020095,4
10400020096,5
10400020098,7
10400020099,5
10400020100,7
10400020101,5
10400020102,8
10400020103,8
10400020104,11
10400020105,7
10400020106,8
10400020107,7
10400020108,8
10400020109,7
10400020110,8
10400020111,8
10400020112,7
10400020113,7
10400020114,5
10400020115,5
10400020116,7
10400020117,7
10400020118,12
10400020119,12
10400020120,3
10400020121,1
10400020122,3
10400020123,3
10400020124,7
10400020125,7
10400020126,11
10400020127,6
10400020128,7
10400020129,9
10400020130,9
10400020131,7
10400140001,5
10400140002,5
10400140003,7
10400140004,8
10400140005,14
10400140006,12
10400140007,11
10400140008,12
10400140009,12
10400140010,10
10400140011,14
10400140012,10
10400140013,12
10400140014,11
10400140015,11
10400140016,11
10400140017,12
10400140018,8
10400140019,10
10400140020,14
10400140021,11
10400140022,8
10400140023,10
10400140024,9
10400140025,10
10400140026,5
10400140027,12
10400140028,5
10400140029,7
10400140030,12
10400140031,11
10400140032,7
10400140033,8
10400140034,10
10400140035,12
10400140036,7
10400140037,5
10400140038,8
10400140039,7
10400140040,10
10400140041,12
10400140042,5
10400140043,9
10400140044,12
10400140045,12
10400140046,12
10400140047,9
10400140048,6
10400140049,12
10400140050,7
10400140051,10
10400140052,7
10400140053,12
10400140055,12
10400140056,10
10400140057,12
10400140058,5
10400140059,11
10400140060,5
10400140061,5
10400140062,1
10400140063,7
10400140064,14
10400140065,12
10400140066,11
10400140067,12
10400140068,12
10400140069,14
10400140070,10
10400140071,12
10400140072,8
10400140073,11
10400140074,8
10400140075,8
10400140076,9
10400140077,5
10400140078,8
10400140079,7
10400140080,10
10400140081,10
10400140082,9
10400140083,1
10400140084,12
10400460001,14
10400460002,10
10400460003,12
10400460004,11
10400460005,11
10400460006,14
10400460007,5
10400460008,10
10400460009,7
10400460010,7
10400460011,7
10400460012,4
10400460013,7
10400460014,7
10400460015,14
10400460016,12
10400460017,12
10400460018,5
10400460019,10
10400460020,7
10400460021,3
10400460022,7
10400460023,7
10400460025,11
10400460026,9
10400460027,12
10400460028,11
10400460029,12
10400460030,14
10400460031,5
10400460032,14
10400460033,7
10400460034,5
10400460035,7
10400460036,7
10400460037,3
10400460038,3
10400460039,11
10400460040,9
10400460041,12
10400460042,14
10400460043,10
10400460045,12
10400460046,12
10400460047,12
10400460048,10
10400460049,10
10400460050,10
10400460051,12
10400460052,11
10400460053,12
10400460054,8
10400460055,14
10400460056,5
10400460057,12
10400460058,12
10400460059,12
10400460060,11
10400460061,5
10400460062,2
10400460063,8
10400460064,3
10400460065,10
10400460066,8
10400460067,12
10400460068,12
10400460069,10
10400460070,12
10400460071,10
10400460072,10
10400460073,10
10400460074,8
10400460075,12
10400460076,14
10400460077,12
10400460078,5
10400460079,5
10400460080,12
10400460081,14
10400460082,14
10400460083,14
10400460084,7
10400460085,15
10400460086,14
10400460088,5
10400460089,14
10400460090,12
10400460091,14
10400460092,5
10500190001,4
10500190002,3
10500190003,5
10500190004,5
10500190005,13
10500190006,4
10500190007,10
10500190008,16
10500190009,13
10500190010,9
10500190011,10
10500190012,10
10500190013,12
10500190014,13
10500190015,12
10500190016,11
10500190017,11
10500190018,11
10500190019,9
10500190020,12
10500190021,10
10500190022,10
10500190023,12
10500190024,10
10500190025,10
10500190026,11
10500190027,10
10500190028,11
10500190029,10
10500190030,10
10500190031,10
10500190032,10
10500190033,10
10500190034,11
10500190035,13
10500190036,8
10500190037,10
10500190038,10
10500190039,10
10500190040,13
10500190041,13
10500190042,10
10500190043,10
10500350001,4
10500350002,3
10500350003,5
10500350004,4
10500350005,7
10500350006,11
10500350007,11
10500350008,11
10500350009,10
10500350010,11
10500350011,10
10500350012,12
10500350013,11
10500350014,12
10500350015,9
10500350016,10
10500350017,11
10500350018,10
10500350019,8
10500350020,10
10500350021,10
10500350022,11
10500350023,10
10500350024,12
10500350025,10
10500350026,9
10500350027,11
10500350028,11
10500350029,11
10500350030,12
10500350031,10
10500350032,8
10500350033,8
10500350034,10
10500350035,7
10500350036,10
10500350037,16
10500350038,10
10500350039,10
10500350040,10
10500350041,10
10500350042,10
10500350043,10
10500350044,10
10500350045,10
10500350046,11
10500350047,10
10500350048,10
10500350049,9
10500350050,8
10500350051,11
10500350052,10
10500350053,13
10500520001,4
10500520002,2
10500520003,7
10500520004,13
10500520005,11
10500520006,9
10500520007,10
10500520008,13
10500520009,10
10500520010,10
10500520011,13
10500520012,10
10500520013,12
10500520014,10
10500520015,11
10500520016,12
10500520017,13
10500520018,13
10500520019,8
10500520020,10
10500520021,13
10500520022,13
10500520023,13
10500520024,11
10500520025,13
10500520026,10
10500520027,10
10500520028,13
10500520029,4
10500520030,12
10500520031,13
10500520032,12
10500520033,11
10500520034,12
10500520035,12
10500520036,13
10600110001,12
10600110002,10
10600110003,8
10600110004,6
10600110005,10
10600110006,8
10600110007,10
10600110009,7
10600110010,8
10600110011,10
10600110012,10
10600110013,5
10600110014,5
10600260001,3
10600260002,7
10600260003,10
10600260004,10
10600260005,10
10600260006,12
10600260007,10
10600260008,10
10600260009,12
10600470001,10
10600470002,7
10600470003,10
10600470004,16
10600470006,8
10600470007,12
10600470008,4
10600470009,7
10600470010,12
10600470011,4
10600470012,7
10600470013,12
10600470014,7
10600470015,10
10600470018,8
11200010001,3
11200010003,10
11200010004,10
11200010005,8
11200010006,8
11200010007,8
11200010008,8
11200010009,8
11200010010,8
11200010011,10
11200010012,6
11200010013,8
11200010014,10
11200010015,6
11200010016,10
11200010017,6
11200010018,8
11200010019,10
11200010020,10
11200010021,8
11200010022,10
11200010023,10
11200010024,8
11200010025,10
11200010026,10
11200010027,10
11200010028,10
20100250001,14
20100250002,10
20100250003,15
20100250004,14
20100250005,12
20100250006,13
20100250007,12
20100250008,14
20100250009,12
20100250010,14
20100250011,14
20100250012,12
20100250013,14
20100250014,14
20100250015,14
20100250016,4
20100250017,10
20100250018,14
20100250019,14
20100250020,12
20100250021,15
20100250022,12
20100250023,14
20100250024,10
20100250025,3
20100250026,5
20100250027,13
20100250028,5
20100250029,14
20100250030,12
20100250031,12
20100250032,12
20100530001,13
20100530002,14
20100530004,14
20100530005,14
20100530006,14
20100530007,12
20100530008,14
20100530009,13
20100530010,12
20100530011,14
20100530012,10
20100530013,5
20100530014,14
20100530015,14
20100530016,8
20100530017,14
20100530018,12
20100530019,12
20100530020,14
20100530021,13
20100530022,14
20100530023,14
20100530024,14
20100530025,14
20100530026,7
20100530027,12
20100530028,14
20100530029,14
20100530030,14
20100530031,14
20100530032,6
20100530033,3
20100530034,12
20100530036,14
20100530037,12
20100530038,14
20100530039,10
20100760001,14
20100760002,14
20100760003,14
20100760004,15
20100760005,14
20100760006,14
20100760007,8
20100760008,14
20100760009,14
20100760010,14
20100760011,15
20100760012,14
20100760013,14
20100760014,14
20100760015,14
20100760016,15
20100760017,14
20100760018,14
20100760019,14
20100760020,14
20100760021,14
20100760022,14
20100760023,14
20100760024,14
20100760025,14
20100760026,14
20100760027,14
20100760028,14
20100760029,14
20100760030,14
20100930001,14
20100930002,14
20100930003,14
20100930004,15
20100930005,14
20100930006,14
20100930007,14
20100930008,10
20100930009,10
20100930010,12
20100930011,10
20100930012,12
20100930013,12
20100930014,14
20100930015,12
20100930016,14
20100930017,10
20100930018,14
20100930019,14
20100930020,14
20100930021,11
20100930022,11
20100930023,10
20100930024,14
20100930025,14
20100930026,14
20100930027,14
20100930028,11
20100930029,14
20100930030,14
20100930031,14
20100930032,13
20100930033,14
20100930034,14
20100930035,14
20100930036,8
20101100001,12
20101100002,12
20101100003,14
20101100004,10
20101100005,14
20101100006,11
20101100007,1
20101100008,11
20101100009,10
20101100010,14
20101100011,14
20101100012,10
20101100013,14
20101100014,14
20101100015,14
20101100016,14
20101100018,14
20101100019,14
20101100020,14
20101100021,14
20101100022,13
20101100023,12
20101100024,14
20101100026,10
20101100027,12
20101270001,14
20101270002,14
20101270003,14
20101270004,14
20101270005,14
20101270006,11
20101270007,6
20101270008,14
20101270009,14
20101270010,14
20101270011,14
20101270012,14
20101270013,7
20101270014,14
20101270015,16
20101270016,15
20101270017,14
20101270018,14
20101270019,14
20101270020,14
20101270021,15
20101270022,14
20101410001,12
20101410002,10
20101410003,12
20101410004,14
20101410005,12
20101410006,14
20101410007,10
20101410008,12
20101410009,15
20101410010,14
20101410011,7
20101410012,10
20101410013,10
20101410014,10
20101410015,14
20101410016,14
20101410017,12
20101410018,16
20101410019,12
20101410020,11
20101410021,15
20101410022,14
20101410023,14
20101410024,7
20101410025,13
20101410026,14
20101410027,10
20101410028,7
20101410029,14
20101410030,14
20101410031,7
20101410032,7
20101410033,10
20200130001,14
20200130002,12
20200130003,14
20200130004,12
20200130005,15
20200130006,15
20200130007,15
20200130008,15
20200130009,12
20200130010,14
20200130011,10
20200130012,15
20200130013,10
20200130014,15
20200130015,14
20200130016,15
20200130017,15
20200130018,15
20200130019,15
20200130020,12
20200140001,14
20200140002,14
20200140003,15
20200140004,10
20200140005,14
20200140006,10
20200140007,10
20200140008,14
20200140009,10
20200140010,14
20200140011,9
20200140012,11
20200140013,13
20200140016,14
20200140017,14
20200140018,15
20200140019,15
20200150001,11
20200150002,14
20200150003,14
20200150004,14
20200150005,14
20200150006,14
20200150007,14
20200150008,11
20200150009,11
20200150010,11
20200150011,15
20200150012,15
20200150013,13
20200150014,11
20200150015,14
20200150016,14
20200150017,13
20200150018,14
20200150019,14
20200150020,15
20200160001,14
20200160002,14
20200160003,14
20200160006,14
20200160007,14
20200160008,11
20200160009,15
20200160010,14
20200160011,14
20200160013,15
20200160014,14
20200160015,14
20200160016,14
20200160017,14
20200160018,14
20201020001,8
20201020002,14
20201020003,11
20201020004,14
20201020005,12
20201020006,15
20201020007,14
20201020008,16
20201020010,14
20201020011,12
20201020012,15
20201020013,11
20201020015,13
20201020016,14
20201020017,13
20201020018,10
20201020019,11
20201020020,12
20201030001,13
20201030002,10
20201030003,12
20201030004,14
20201030006,10
20201030007,14
20201030008,9
20201030009,13
20201030012,10
20201030013,10
20201030014,12
20201030015,14
20201030016,8
20201030017,11
20201030019,14
20201030020,14
20201040001,12
20201040002,15
20201040003,11
20201040004,12
20201040005,14
20201040006,14
20201040008,14
20201040009,14
20201040010,14
20201040011,14
20201040013,12
20201040014,14
20201040015,14
20201040016,14
20201040017,15
20201040018,14
20201040019,14
20201040020,12
20201050001,11
20201050002,12
20201050003,15
20201050004,9
20201050006,7
20201050007,10
20201050008,10
20201050009,10
20201050010,12
20201050011,10
20201050012,14
20201050013,10
20201050014,12
20201050015,14
20201050016,10
20201050017,14
20201050018,10
20201050019,10
20201050020,14
20201060001,11
20201060002,11
20201060003,11
20201060004,14
20201060005,14
20201060006,11
20201060007,14
20201060008,14
20201060009,14
20201060010,14
20201060011,13
20201060012,13
20201060013,14
20201060014,13
20201060015,14
20201060016,11
20201060017,11
20201060018,13
20201060019,14
20201060020,14
20201070001,12
20201070002,14
20201070003,13
20201070004,14
20201070006,10
20201070008,14
20201070009,12
20201070010,14
20201070011,14
20201070012,14
20201070013,14
20201070015,10
20201070016,10
20201070017,14
20201070018,13
20201070019,14
20201070020,11
20300230002,10
20300230003,13
20300230004,10
20300230005,12
20300230006,16
20300230007,4
20300230008,10
20300230009,4
20300230010,16
20300230011,10
20300230012,12
20300230013,10
20300230014,10
20300230015,10
20300230016,12
20300230017,10
20300230018,10
20300230019,13
20300230020,4
20300230021,16
20300230022,4
20300230023,4
20300230024,4
20300230025,10
20300230026,10
20300230027,10
20300230028,13
20300230029,10
20300230030,13
20300230031,10
20300230033,10
20300230034,13
20300230035,10
20300230036,11
20300230037,13
20300230038,10
20300230039,12
20300230040,4
20300230041,4
20300230042,10
20300230043,10
20300230044,10
20300230045,10
20300230046,13
20300230047,4
20300230048,14
20300230049,16
20300230050,13
20300230051,10
20300230052,10
20300300001,10
20300300002,13
20300300003,10
20300300004,13
20300300005,10
20300300006,10
20300300007,8
20300300008,10
20300300009,10
20300300010,13
20300300011,10
20300300012,10
20300300013,10
20300300014,10
20300300015,10
20300300016,12
20300300017,10
20300300018,12
20300300019,14
20300300020,12
20300300021,12
20300300022,15
20300300023,12
20300300024,10
20300300025,14
20300300026,8
20300300027,12
20300300028,13
20300300029,10
20300300030,10
20300300031,10
20300300032,12
20300300033,12
20300300034,11
20300300035,11
20300300036,12
20300300037,10
20300300038,10
20300300039,13
20300300040,10
20300300041,12
20300300042,10
20300300043,9
20300300044,10
20300300045,12
20300300046,10
20300300047,8
20300300048,10
20300440001,12
20300440002,15
20300440003,15
20300440004,15
20300440005,15
20300440006,15
20300440007,15
20300440008,15
20300440009,15
20300440010,15
20300440011,15
20300440012,15
20300440013,15
20300440014,15
20300440015,15
20300440016,15
20300440017,15
20300440018,14
20300440019,16
20300440020,12
20300440021,15
20300440022,11
20300440023,15
20300440024,15
20300440025,16
20300440026,15
20300440027,14
20300440028,12
20300440029,13
20300440030,14
20300440031,15
20300440032,5
20300440033,16
20300440034,14
20300440035,15
20300440036,10
20300440037,11
20300440038,10
20300450001,3
20300450002,13
20300450003,13
20300450004,12
20300450005,14
20300450006,10
20300450007,13
20300450008,13
20300450009,13
20300450010,13
20300450011,10
20300450012,13
20300450013,10
20300450014,12
20300450015,11
20300450016,16
20300450017,12
20300450018,12
20300450019,12
20300450020,12
20300450021,14
20300450022,10
20300450023,12
20300450024,10
20300450025,13
20300450026,12
20300450027,10
20300450028,12
20300450029,13
20300450030,12
20300450031,10
20300450032,13
20300450033,10
20300450034,12
20300450035,10
20300450036,10
20300450037,13
20400070001,8
20400070002,14
20400070003,11
20400070004,10
20400070005,12
20400070006,12
20400070007,13
20400070008,14
20400070009,12
20400070010,14
20400070011,13
20400070013,5
20400070014,12
20400070015,13
20400070016,7
20400070017,5
20400070018,10
20400070019,10
20400070020,12
20400070021,12
20400070022,13
20400070023,8
20400070024,7
20400070025,12
20400070026,12
20400070027,12
20400070028,7
20400070029,12
20400070030,7
20400070031,5
20400070032,13
20400070033,7
20400070034,7
20400070035,7
20400070036,13
20400070037,12
20400070038,10
20400070039,7
20400070040,9
20400070041,10
20400070042,8
20400070043,7
20400070044,11
20400070045,10
20400070046,10
20400070047,12
20400070048,7
20400070049,5
20400070050,12
20400070051,7
20400070052,12
20400070053,11
20400070054,11
20400070055,7
20400070056,9
20400070057,10
20400070058,10
20400070059,11
20400070060,11
20400070061,8
20400070062,10
20400070063,12
20400070064,14
20400070065,12
20400070066,12
20400070067,12
20400070068,12
20400070069,12
20400070070,6
20400070072,10
20400070073,7
20400070074,16
20400070075,10
20400070076,12
20400070077,11
20400270001,10
20400270002,11
20400270003,12
20400270004,14
20400270005,3
20400270006,7
20400270007,15
20400270008,12
20400270009,10
20400270010,15
20400270011,15
20400270012,15
20400270013,12
20400270014,11
20400270015,11
20400270016,10
20400270018,17
20400270019,15
20400270020,15
20400270021,11
20400270022,10
20400270023,11
20400270024,15
20400270025,11
20400270026,3
20400270027,11
20400270028,3
20400270029,3
20400270030,11
20400270031,8
20400270032,10
20400270033,10
20400270034,10
20400270035,5
20400270036,8
20400270037,8
20400270038,10
20400270039,11
20400270040,9
20400270041,10
20400270043,9
20400270044,8
20400270045,15
20400270046,10
20400270047,15
20400270048,5
20400270049,10
20400270050,12
20400270051,8
20400270052,4
20400270053,7
20400270054,7
20400270055,6
20400270056,10
20400270057,12
20400270058,12
20400270059,7
20400270060,11
20400270061,7
20400270062,3
20400270063,12
20400270064,7
20400270065,3
20400270066,12
20400270067,7
20400270068,15
20400270069,15
20400270070,17
20400270071,11
20400270072,5
20400270073,10
20400270074,4
20400270075,1
20400270076,10
20400270077,7
20400270078,7
20400270079,11
20400270080,7
20400270081,10
20400270082,10
20400270083,10
20400270084,11
20400270085,12
20400270086,12
20400270087,12
20400270088,14
20400270089,8
20400460001,5
20400460002,15
20400460003,6
20400460004,15
20400460005,7
20400460006,15
20400460007,10
20400460008,10
20400460009,11
20400460010,10
20400460011,11
20400460012,15
20400460013,15
20400460014,14
20400460015,14
20400460016,5
20400460017,15
20400460018,5
20400460019,7
20400460020,15
20400460021,10
20400460022,10
20400460023,15
20400460024,15
20400460025,15
20400460026,11
20400460027,15
20400460028,15
20400460029,15
20400460030,14
20400460031,14
20400460032,14
20400460033,14
20400460034,15
20400460035,15
20400460036,15
20400460037,15
20400460039,14
20400460040,15
20400460041,15
20400460042,15
20400460043,15
20400460044,14
20400460045,12
20400460046,15
20400460047,7
20400460048,12
20400460049,14
20400460050,7
20400460051,10
20400460052,14
20400460053,12
20400460054,10
20400460055,14
20400460056,15
20400460057,15
20400460058,12
20400460059,14
20400460060,14
20400460061,14
20400460062,15
20400460063,15
20400460064,7
20400460065,14
20400460066,8
20400460067,14
20400460068,14
20400560001,7
20400560002,11
20400560003,5
20400560004,5
20400560005,4
20400560006,5
20400560007,14
20400560008,11
20400560009,7
20400560010,7
20400560011,11
20400560012,14
20400560013,14
20400560014,11
20400560015,11
20400560016,12
20400560017,7
20400560018,11
20400560019,12
20400560020,11
20400560021,5
20400560022,14
20400560023,10
20400560024,7
20400560025,11
20400560026,12
20400560027,10
20400560028,11
20400560029,14
20400560030,14
20400560031,10
20400560032,12
20400560033,11
20400560034,11
20400560035,11
20400560036,11
20400560037,11
20400560038,14
20400560039,11
20400560040,14
20400560041,14
20400560042,11
20400560043,7
20400560044,11
20400560045,7
20400560046,9
20400560047,11
20400560048,5
20400560049,7
20400560050,11
20400560051,7
20400560052,7
20400560053,7
20400560054,11
20400560055,14
20400560056,14
20400560057,12
20400560058,3
20400560059,3
20400560060,5
20400560061,11
20400560062,5
20400560063,11
20400560064,12
20400560065,5
20400560067,5
20400560068,5
20400560069,14
20400560070,14
20400560071,10
20400560072,11
20400560073,11
20400560074,11
20400560075,14
20400560076,11
20400560077,11
20400560078,7
20400560079,14
20400560080,14
20400560081,5
21500010001,14
21500010002,12
21500010003,14
21500010004,14
21500010005,12
21500010006,14
21500010007,10
21500010008,10
21500010009,11
21500010010,10
21500010011,10
21500010012,12
21500010013,8
21500010014,10
21500010015,8
21500010016,8
21500010017,13
21500010018,8
21500010019,10
21500010020,14
21500020001,14
21500020002,12
21500020003,10
21500020004,14
21500020005,12
21500020006,14
21500020007,14
21500020008,15
21500020009,14
21500030001,7
21500030002,14
21500030003,14
21500030004,14
21500030005,14
21500030006,14
21500030007,14
21500030008,14
21500030009,14
21500030010,14
21500040001,5
21500040002,12
21500040003,14
21500040004,12
21500040005,14
21500040006,14
21500040007,12
21500040008,14
21500040010,14
21500040011,12
21500050001,10
21500050002,12
21500050003,11
21500050004,8
21500050005,10
21500050006,12
21500050007,10
21500050008,13
21500050009,10
21500050010,10
21500050011,12
21500050012,12
21500050013,14
21500050014,10
21500050015,12
21500050016,13
21500050017,10
21500050018,10
21500050019,13
21500050020,10
21500050021,10
21500050022,13
21500050023,13
21500050024,13
21500050025,10
21500050026,8
21500060001,14
21500060002,12
21500060003,10
21500060004,14
21500060005,4
21500060006,16
21500060007,14
21500060008,10
21500060009,14
21500060010,12
21500060012,14
21500060013,13
21500060014,14
21500060015,14
21500060016,12
21500060017,8
21500060018,14
21500060019,14
21500060020,10
21500060021,14
21500060022,13
21500060023,8
21500060024,14
21500070001,15
21500070002,15
21500070003,15
21500070004,15
21500070005,15
21500070006,8
21500070007,14
21500070008,14
21500070009,14
21500070010,13
21500070011,14
21500070012,14
21500070013,14
21500070014,13
21500070015,14
21500070016,14
21500070017,10
21500070018,15
21500070019,14
21500080001,14
21500080002,14
21500080003,14
21500080004,14
21500080005,12
21500080006,12
21500080007,8
21500080008,10
21500080009,14
21500080010,14
21500080011,14
21500080012,8
21500080013,12
21500080014,14
21500080015,14
21500080016,14
21500080017,14
21500080018,14
21500090001,14
21500090002,14
21500090003,14
21500090004,14
21500090005,12
21500090006,14
21500090007,14
21500090008,12
21500090009,14
21500090010,12
21500090011,14
21500090012,14
21500090013,14
21500090014,10
21500090015,12
21500100001,11
21500100002,14
21500100003,12
21500100004,11
21500100005,14
21500100006,12
21500100007,10
21500100008,14
21500100009,14
21500100010,10
21500100011,14
21500100012,14
21500100013,14
21500100014,12
21500100015,12
21500100016,8
21500100017,14
21500110001,14
21500110002,12
21500110003,14
21500110004,15
21500110005,14
21500110006,14
21500110007,14
21500110008,14
21500110009,15
21500110010,15
21500120001,14
21500120002,12
21500120003,14
21500120004,12
21500120005,10
21500120006,11
21500120007,13
21500120008,12
21500120009,7
21500120010,12
21500120011,14
21500120012,14
21500120013,12
21500120014,10
21500120015,12
21500120016,12
21500120017,12
21500120018,4
21500120019,12
21500120020,16
21500120021,9
21500120022,12
21500120023,12
21500120024,12
21500120025,12
21500120026,8
21500120027,10
21500120028,14
21500120029,10
21500120030,13
21500130001,14
21500130002,14
21500130003,14
21500130004,14
21500130005,14
21500130006,12
21500130007,14
21500130008,15
21500130009,14
21500130010,14
21500130011,14
21500130012,12
21500140001,15
21500140002,14
21500140003,14
21500140004,14
21500140005,14
21500140006,14
21500140007,15
21500140008,14
21500140009,15
21500140010,14
21500140011,14
21500140012,15
21500140013,15
21500150001,12
21500150002,14
21500150003,9
21500150004,8
21500150005,12
21500150006,8
21500150007,11
21500150008,8
21500150009,10
21500150010,8
21500150011,12
21500150012,15
21500150013,14
21500150014,14
21500150015,14
21500150016,10
21500150017,13
21500150018,8
21500150019,14
21500150020,13
21500160001,15
21500160002,12
21500160003,14
21500160004,14
21500160005,14
21500160006,14
21500160007,14
21500160008,8
21500160009,14
21500160010,8
21500160011,12
21500170001,13
21500170002,14
21500170003,12
21500170004,12
21500170005,11
21500170006,10
21500170007,12
21500170008,11
21500170009,10
21500170010,10
21500170011,14
21500170012,12
21500170013,12
21500170014,14
21500170015,12
21500170016,12
21500180001,7
21500180002,14
21500180003,14
21500180004,14
21500180005,12
21500180006,14
21500180007,12
21500180008,14
21500180009,14
21500180010,14
21500180011,11
21500180012,14
21500180013,12
21500180014,14
21500180015,12
21500190001,15
21500190002,14
21500190003,14
21500190004,15
21500190005,8
21500190006,15
21500190007,12
21500190008,15
21500190009,14
21500190010,12
21500190011,8
21500190012,15
21500190013,15
21500190014,14
30100630001,5
30100630002,7
30100630003,5
30100630004,14
30100630005,15
30100630006,12
30100630007,10
30100630008,14
30100630009,14
30100630010,14
30100630011,12
30100630012,14
30100630013,14
30100630014,12
30100630015,14
30100630016,10
30100630017,13
30100630018,14
30100630019,14
30100630020,12
30100630021,14
30100630022,14
30100630023,12
30100630024,15
30100630025,14
30100630026,15
30100630027,16
30100630028,16
30100630029,15
30100630030,4
30100630031,16
30100710001,14
30100710002,8
30100710003,14
30100710004,12
30100710005,13
30100710006,14
30100710007,10
30100710008,12
30100710009,12
30100710010,11
30100710011,12
30100710013,12
30100710014,15
30100710015,14
30100710016,14
30100710017,16
30100710018,14
30100710019,11
30100710020,12
30100710021,11
30100710022,12
30100710023,12
30100710024,8
30100710025,14
30100710026,12
30100710027,14
30100710028,14
30100710029,14
30100710030,14
30100710031,15
30100710032,8
30100710033,14
30100710034,14
30100710035,12
30100710036,12
30100710037,14
30100970001,7
30100970002,14
30100970003,14
30100970004,16
30100970005,14
30100970006,12
30100970007,12
30100970008,16
30100970009,16
30100970010,16
30100970011,15
30100970012,14
30100970013,15
30100970014,15
30100970015,14
30100970016,14
30100970017,7
30100970018,15
30100970019,15
30100970020,14
30100970021,15
30100970022,14
30100970023,14
30100970024,12
30100970025,14
30100970026,14
30100970027,14
30100970028,12
30101030002,7
30101030003,6
30101030004,15
30101030005,15
30101030006,4
30101030007,10
30101030008,15
30101030009,15
30101030010,15
30101030011,15
30101030012,14
30101030013,14
30101030014,12
30101030015,14
30101030016,15
30101030017,14
30101030018,12
30101030019,10
30101030020,14
30101030021,14
30101030022,14
30101030023,14
30101030024,12
30101030025,14
30101120001,11
30101120002,12
30101120003,13
30101120004,10
30101120005,12
30101120006,14
30101120007,12
30101120008,13
30101120009,14
30101120010,2
30101120011,10
30101120012,12
30101120013,14
30101120014,14
30101120015,12
30101120016,11
30101120017,12
30101120018,12
30101120019,12
30101120020,12
30101120022,14
30101120023,12
30101120024,11
30101120025,8
30101120027,14
30101120028,10
30101120029,8
30101120030,16
30101120031,10
30101160001,11
30101160002,14
30101160003,3
30101160004,9
30101160005,12
30101160006,14
30101160007,15
30101160008,14
30101160009,14
30101160010,5
30101160011,12
30101160012,12
30101160014,10
30101160015,12
30101160016,10
30101160017,12
30101160018,15
30101160019,12
30101160020,14
30101160021,14
30101160022,14
30101160023,12
30101160024,12
30101160025,6
30101160026,10
30101160027,13
30101160028,12
30101160029,10
30101160030,14
30101160031,10
30101160032,10
30101160033,10
30101160034,7
30101160035,14
30101160036,12
30101160037,12
30101160038,12
30101160039,14
30101160040,12
30101160041,12
30101160042,10
30101160043,14
30101160044,14
30101160045,13
30101160046,10
30101160047,12
30101160048,10
30101160049,13
30101160050,10
30101160051,13
30101160052,11
30101160053,12
30101160054,14
30101160055,12
30101160056,12
30101160057,11
30101160058,13
30300320001,3
30300320002,3
30300320003,12
30300320004,5
30300320005,5
30300320006,10
30300320007,14
30300320009,14
30300320010,14
30300320011,14
30300320012,14
30300320013,8
30300320014,15
30300320015,12
30300320016,14
30300320017,12
30300320018,14
30300320019,15
30300320020,15
30300320021,14
30300320022,14
30300320023,12
30300320024,15
30300320026,12
30300320027,14
30300320029,14
30300320030,12
30300320031,14
30300320032,12
30300340001,6
30300340003,3
30300340004,14
30300340005,12
30300340006,5
30300340007,7
30300340008,10
30300340009,8
30300340010,11
30300340012,12
30300340013,15
30300340014,10
30300340015,12
30300340016,10
30300340017,12
30300340018,9
30300340019,7
30300340021,10
30300340022,8
30300340023,11
30300340024,14
30300340025,12
30300340027,14
30300340028,14
30300340029,12
30300340030,7
30300340031,14
30300340032,14
30300340033,13
30300340034,14
30300340035,14
30300340036,14
30300340037,12
30300340038,14
30300340039,14
30300340040,10
30300340041,12
30300340042,12
30300340043,14
30300430001,7
30300430002,14
30300430003,13
30300430004,7
30300430005,5
30300430006,5
30300430007,14
30300430008,14
30300430009,15
30300430010,12
30300430011,14
30300430012,14
30300430013,12
30300430014,14
30300430015,14
30300430016,15
30300430017,14
30300430018,14
30300430019,14
30300430020,10
30300430021,15
30300430022,14
30300430023,14
30300430024,12
30300430025,14
30300430026,14
30300430027,14
30300430028,10
30300430029,12
30300510001,3
30300510002,5
30300510003,12
30300510004,8
30300510005,5
30300510007,10
30300510008,10
30300510009,10
30300510010,10
30300510011,13
30300510012,10
30300510013,11
30300510014,10
30300510015,13
30300510016,6
30300510017,10
30300510018,12
30300510019,12
30300510020,12
30300510021,12
30300510022,14
30300510023,12
30300510024,12
30300510026,10
30300510027,12
30300510028,8
30300510029,7
30300510030,5
30300510031,12
30300510032,12
30300510033,10
30300510034,10
30300510035,10
30300510037,10
30300510038,11
30300510039,10
30300510040,6
30300510041,12
30300510042,10
30300510044,12
30300510045,11
30300510046,12
30300510047,6
30300510048,8
30300510049,10
30300510051,10
30300510052,11
30300510053,8
30300510054,10
30300510055,10
30300510056,10
30300510057,8
30300510058,9
30300510059,10
30300510060,10
30300510061,9
30300510062,10
30300510063,10
30300510064,7
30300510065,10
30300510066,7
30300510067,8
30300510068,7
30300510069,12
30300510070,14
30300510071,10
30300510072,11
30300510073,12
30300520001,11
30300520002,11
30300520003,3
30300520004,13
30300520005,5
30300520006,12
30300520007,14
30300520008,12
30300520010,12
30300520011,12
30300520012,13
30300520013,12
30300520014,14
30300520015,12
30300520016,14
30300520017,12
30300520018,10
30300520019,11
30300520020,10
30300520021,12
30300520023,4
30300520024,12
30300520025,14
30300520026,11
30300520027,14
30300520028,10
30300520029,14
30300520030,14
30300520031,14
30300520032,12
30300520034,14
30300520035,10
30300520036,14
30300520037,12
30300520038,14
30300520039,12
30300520040,12
30300520041,14
30300520042,12
30300520043,8
30300620001,7
30300620002,1
30300620003,12
30300620004,7
30300620005,5
30300620006,8
30300620007,11
30300620008,10
30300620009,13
30300620010,7
30300620011,12
30300620012,12
30300620013,10
30300620014,10
30300620015,13
30300620016,8
30300620017,10
30300620018,10
30300620019,10
30300620020,11
30300620021,9
30300620022,10
30300620023,10
30300620024,12
30300620025,8
30300620026,4
30300620027,9
30300620028,10
30300620029,2
30300620030,4
30300620031,7
30300620032,8
30300620033,10
30300620034,14
30300620035,13
30300620036,10
30300620037,7
30300620038,10
30300620039,7
30300620040,10
30300620041,10
30300620042,10
30300620043,10
30300620044,13
30300620045,7
30300620046,8
30300620047,10
30300620048,10
30300620049,10
30300620050,10
30300620051,12
30300620052,9
30300620053,7
30300620054,6
30300620055,9
30300620056,10
30300620057,12
30300620058,12
30300620059,10
30300620060,14
30300620061,11
30300620062,12
30300620063,13
30300620064,14
30300620065,14
30300620066,7
30300620067,12
30300620068,14
30300620069,7
30300620070,12
30300620071,12
30300620072,13
30400100001,14
30400100002,14
30400100003,14
30400100004,14
30400100005,14
30400100006,14
30400100007,14
30400100008,14
30400100009,12
30400100010,14
30400100011,14
30400100012,14
30400100013,14
30400100014,12
30400100015,14
30400100016,14
30400100017,14
30400100018,14
30400100019,14
30400100020,14
30400100021,14
30400100023,3
30400100024,10
30400100026,12
30400100027,14
30400100028,14
30400100029,14
30400100030,14
30400100031,14
30400100032,14
30400100033,14
30400100034,14
30400100035,14
30400100036,14
30400100037,14
30400100038,14
30400100039,14
30400100040,14
30400100041,14
30400100042,14
30400100043,14
30400100044,14
30400100045,14
30400100046,14
30400100047,14
30400100048,14
30400100049,14
30400100050,14
30400100051,14
30400100052,14
30400100053,14
30400100054,14
30400100055,14
30400100056,12
30400100057,14
30400100058,14
30400100059,14
30400100060,14
30400100061,14
30400100062,14
30400100063,14
30400100064,14
30400100065,14
30400100066,14
30400100067,14
30400100068,14
30400100069,14
30400100070,14
30400100071,14
30400100072,14
30400100073,14
30400100074,14
30400100075,12
30400100076,14
30400100077,14
30400100078,14
30400100079,14
30400100080,7
30400100081,14
30400100083,14
30400100084,11
30400100085,12
30400100086,14
30400100087,12
30400100088,13
30400100089,12
30400100090,12
30400100091,14
30400100092,14
30400100093,14
30400100094,14
30500130001,7
30500130002,13
30500130003,12
30500130004,12
30500130005,11
30500130006,14
30500130007,15
30500130008,16
30500130009,14
30500130010,4
30500130011,14
30500130012,12
30500130013,16
30500130014,14
30500130015,14
30500130016,15
30500130017,15
30500130018,15
30500130019,10
30500130020,13
30500130021,14
30500130022,14
30500130023,14
30500130024,15
30500130025,14
30500130026,14
30500130027,15
30500130028,15
30500130029,10
30500130030,15
30500130031,14
30500130032,12
30500130033,11
30500130034,14
30500130035,14
30500130036,10
30500130037,15
30500130038,14
30500130039,12
30500130040,14
30500130041,12
30500130042,14
30500130043,14
30500290001,12
30500290002,10
30500290003,11
30500290004,7
30500290005,12
30500290006,7
30500290007,7
30500290008,10
30500290009,7
30500290010,10
30500290011,11
30500290012,12
30500290013,13
30500290014,10
30500290015,10
30500290016,12
30500290017,11
30500290018,12
30500290019,12
30500290020,14
30500290021,10
30500290022,12
30500290023,15
30500290024,14
30500290025,14
30500290026,15
30500290027,14
30500290029,12
30500290030,14
30500290031,14
30500290032,14
30500290033,14
30500290034,14
30500290035,14
30500290036,14
